Job ID,Job Title,Company,Location,Remote,Salary,Job Type,Rating,Reviews,Posted,Benefits,Skills (detected),Apply Link,Description
e0cba95938cf3be7,Senior QA Engineer,Envestnet,"Berwyn, PA 19312",No,,Full-time,3.5,67,Just posted,,"java, sql, excel, aws",https://www.indeed.com/applystart?jk=e0cba95938cf3be7&from=mobvj&mvj=1&asub=mob&mobvjtk=1j4nalv3niuec80b&astse=79d4fb52fcb7a3ae&assa=1860&params=mobvjtk=1j4nalv3niuec80b&jk=e0cba95938cf3be7,"Description Envestnet is seeking a Senior QA Engineer to join our technology team. This is a hybrid role, with in-office work required at our Berwyn, PA office location. Envestnet is transforming the way financial advice is delivered through its connected technology, advanced insights, and asset management solutions – backed by industry-leading service and support. Since 1999, Envestnet has served the wealth management industry and today supports trillions in platform assets, serving over a hund..."
4191ad50bc5a5731,Lead Data Brokering Engineer,"ValidaTek, Inc.","Scott AFB, IL 62225",No,"$100,000 - $135,000 a year",Full-time,4.3,42,Just posted,,excel,https://www.indeed.com/viewjob?jk=4191ad50bc5a5731,"Company Overview: At ValidaTek, we modernize and optimize IT services to solve some of the most critical challenges facing federal civilian and defense agencies. From customers to partners to top-talent employees, ValidaTek puts people first, empowering them to exceed expectations and transform government organizations. Our success starts and ends with our people, so we built a company where great people can do great things, with the resources and autonomy to make decisions that transform organi..."
3b411a1d0f1abfce,"Sr. Physical Security Engineer (GovCloud), Data Center Design Engineering","Amazon Data Services, Inc.","Columbus, OH",No,"$128,600 - $212,800 a year",Full-time,3.5,53845,Just posted,,aws,https://www.indeed.com/applystart?jk=3b411a1d0f1abfce&from=mobvj&mvj=1&asub=mob&mobvjtk=1j4nan16jgee981t&astse=08142ad2333fd678&assa=6953&params=mobvjtk=1j4nan16jgee981t&jk=3b411a1d0f1abfce,"DESCRIPTION Sr. Physical Security Engineer (GovCloud), Data Center Design Engineering This is an exciting opportunity to use the latest cloud computing technologies to help U.S. Government agencies implement innovative cloud computing solutions and solve technical problems. AWS established a specialized group of service teams responsible for the work we are doing with the U.S. Intelligence Community. We are building some of the largest and most complex distributed systems in the world, and we ne..."
57a8f51a02fffcff,"Senior Data Engineer, AWS Infrastructure Supply Chain Automation","Amazon Data Services, Inc.","Herndon, VA",No,"$139,100 - $240,500 a year",Full-time,3.5,53845,Just posted,,"python, java, sql, aws",https://www.indeed.com/applystart?jk=57a8f51a02fffcff&from=mobvj&mvj=1&asub=mob&mobvjtk=1j4nan248iuec800&astse=6a7736da610e4df4&assa=7701&params=mobvjtk=1j4nan248iuec800&jk=57a8f51a02fffcff,"DESCRIPTION AWS Infrastructure Services owns the design, planning, delivery, and operation of all AWS global infrastructure. In other words, we’re the people who keep the cloud running. We support all AWS data centers and all of the servers, storage, networking, power, and cooling equipment that ensure our customers have continual access to the innovation they rely on. We work on the most challenging problems, with thousands of variables impacting the supply chain — and we’re looking for talente..."
657b840d88ecfd6d,"Sr. Software Dev Engineer, Data Center Design Engineering","Amazon Data Services, Inc.","Seattle, WA",No,"$151,300 - $261,500 a year",Full-time,3.5,53845,Just posted,,"excel, machine learning, aws",https://www.indeed.com/applystart?jk=657b840d88ecfd6d&from=mobvj&mvj=1&asub=mob&mobvjtk=1j4nan2ba2h28000&astse=8e992814ea09b73a&assa=7930&params=mobvjtk=1j4nan2ba2h28000&jk=657b840d88ecfd6d,"DESCRIPTION Are you passionate about building software for the Architecture, Engineering, Construction (AEC) industry supercharged by the latest Generative AI technology? If so, come build with us! The AWS Data Center Design Engineering - BIM Technology team is on a mission to innovate through new Building Information Modeling (BIM) and GenAI services that will enable our team and customers to design, build, and operate our worldwide data centers facilities better and faster. Our initiatives are..."
1d18186c2267cdaa,"Software Dev Engineer II, Bidding Data & Analytics",Amazon.com Services LLC,"Palo Alto, CA",No,"$129,300 - $223,600 a year",Full-time,3.5,53845,Just posted,,"python, java, excel, aws",https://www.indeed.com/applystart?jk=1d18186c2267cdaa&from=mobvj&mvj=1&asub=mob&mobvjtk=1j4nan32aljeu800&astse=c3c8e39736806215&assa=8646&params=mobvjtk=1j4nan32aljeu800&jk=1d18186c2267cdaa,"DESCRIPTION Who are we? Amazon Advertising builds and manages systems with high performance and availability. We serve and respond to hundreds of billions of requests annually, and have ambitions to grow that number several orders of magnitude, while maintaining response latencies in the milliseconds and meeting strict SLA requirements. We delight in data, and are constantly trying to enrich our models and make more informed decisions using every bit and byte we have. This role is in our bidding..."
301129b46fcb0b24,"Sr. Electrical Engineer, Data Center Engineering","Amazon Data Services, Inc.","Austin, TX",No,"$128,600 - $212,800 a year",Full-time,3.5,53845,Just posted,,"excel, aws",https://www.indeed.com/applystart?jk=301129b46fcb0b24&from=mobvj&mvj=1&asub=mob&mobvjtk=1j4nan2r1g6pv82j&astse=2df4125c2c829b77&assa=8413&params=mobvjtk=1j4nan2r1g6pv82j&jk=301129b46fcb0b24,"DESCRIPTION AWS Infrastructure Services owns the design, planning, delivery, and operation of all AWS global infrastructure. In other words, we’re the people who keep the cloud running. We support all AWS data centers and all of the servers, storage, networking, power, and cooling equipment that ensure our customers have continual access to the innovation they rely on. We work on the most challenging problems, with thousands of variables impacting the supply chain — and we’re looking for talente..."
797264994c7cd407,"MTS 2, Software Engineer, Data Platforms",eBay,"Portland, OR 97201",No,"$132,000 - $222,100 a year",Full-time,3.9,2555,Just posted,,"python, java, sql, excel",https://www.indeed.com/applystart?jk=797264994c7cd407&from=mobvj&mvj=1&asub=mob&mobvjtk=1j4nan2rtkgqm800&astse=865081d1c651caa7&assa=8457&params=mobvjtk=1j4nan2rtkgqm800&jk=797264994c7cd407,"At eBay, we're more than a global ecommerce leader — we’re changing the way the world shops and sells. Our platform empowers millions of buyers and sellers in more than 190 markets around the world. We’re committed to pushing boundaries and leaving our mark as we reinvent the future of ecommerce for enthusiasts. Our customers are our compass, authenticity thrives, bold ideas are welcome, and everyone can bring their unique selves to work — every day. We're in this together, sustaining the future..."
1c29806596a84193,Data Engineer,Intone Networks,"Malvern, PA",No,,Contract,4.1,21,Just posted,,,https://www.indeed.com/applystart?jk=1c29806596a84193&from=mobvj&mvj=1&asub=mob&mobvjtk=1j4nan3ukj720801&astse=fa8516c6cb5e3558&assa=9549&params=mobvjtk=1j4nan3ukj720801&jk=1c29806596a84193,"Job Title: Data Engineer Location: Malvern, PA (Need to be local) 3-4 Days Hybrid"
890dc7dea2f0a96b,Data Loss Prevention Engineer II/III,Organogenesis,"Canton, MA 02021",No,,Full-time,3.1,81,Just posted,,,https://www.indeed.com/applystart?jk=890dc7dea2f0a96b&from=mobvj&mvj=1&asub=mob&mobvjtk=1j4nan4fngc2n800&astse=138c47287963d6e0&assa=110&params=mobvjtk=1j4nan4fngc2n800&jk=890dc7dea2f0a96b,Job Description: About Us We have unique opportunities and are always looking for exceptional talent. Join a company where you will have an opportunity to grow professionally and personally and give strength to others by Empowering Healing. Our advanced wound care products are specially developed for the successful treatment of chronic and acute wounds. Our comprehensive portfolio of skin substitutes and other regenerative medicine products empower our patients with life-changing solutions. Our ...
99c096468166ecb6,"Principal, Mechanical Engineer, Data Center Eng, Mech Products & Services","Amazon Data Services, Inc.","Seattle, WA",No,"$146,300 - $252,900 a year",Full-time,3.5,53845,Just posted,,"excel, aws",https://www.indeed.com/applystart?jk=99c096468166ecb6&from=mobvj&mvj=1&asub=mob&mobvjtk=1j4nan4ntjcm0802&astse=36cc6b3d306bc3b3&assa=374&params=mobvjtk=1j4nan4ntjcm0802&jk=99c096468166ecb6,"DESCRIPTION AWS Infrastructure Services owns the design, planning, delivery, and operation of all AWS global infrastructure. In other words, we're the people who keep the cloud running. We support all AWS data centers and all of the servers, storage, networking, power, and cooling equipment that ensures our customers have continual access to the innovation they rely on. We work on the most challenging problems, with thousands of variables impacting the supply chain — and we're looking for talent..."
21121f051e3114fb,Software Engineer III,JPMorganChase,"Plano, TX 75024",No,,Full-time,3.9,20101,Just posted,,machine learning,https://www.indeed.com/applystart?jk=21121f051e3114fb&from=mobvj&mvj=1&asub=mob&mobvjtk=1j4nan57lgo7381i&astse=990ae82215f9f254&assa=853&params=mobvjtk=1j4nan57lgo7381i&jk=21121f051e3114fb,"JOB DESCRIPTION We have an exciting and rewarding opportunity for you to take your software engineering career to the next level. As a Software Engineer III at JPMorganChase within the [insert LOB or sub LOB], you serve as a seasoned member of an agile team to design and deliver trusted market-leading technology products in a secure, stable, and scalable way. You are responsible for carrying out critical technology solutions across multiple technical areas within various business functions in su..."
817930c1147c2732,"Delivery Consultant - Data Engineer, Data and Machine Learning, WWPS US Federal","Amazon Web Services, Inc.","Arlington, VA",No,"$118,200 - $204,300 a year",Full-time,3.4,515,Just posted,,"python, sql, aws",https://www.indeed.com/applystart?jk=817930c1147c2732&from=mobvj&mvj=1&asub=mob&mobvjtk=1j4nan55dg2m0813&astse=e833a9c918e36cb4&assa=867&params=mobvjtk=1j4nan55dg2m0813&jk=817930c1147c2732,"DESCRIPTION The Amazon Web Services Professional Services (ProServe) team is seeking a skilled Delivery Consultant to join our team at Amazon Web Services (AWS). In this role, you'll work closely with customers to design, implement, and manage AWS solutions that meet their technical requirements and business objectives. You'll be a key player in driving customer success through their cloud journey, providing technical expertise and best practices throughout the project lifecycle. Possessing a de..."
ab9627dbb148aec4,Senior Data Engineer,IQVIA,Remote,Yes,"$100,600 - $280,200 a year",Full-time,3.7,2670,Just posted,,"python, java, sql, excel",https://www.indeed.com/applystart?jk=ab9627dbb148aec4&from=mobvj&mvj=1&asub=mob&mobvjtk=1j4nan7fsgqqc801&astse=decf3827db78c10d&assa=3175&params=mobvjtk=1j4nan7fsgqqc801&jk=ab9627dbb148aec4,"About the Role We are seeking a skilled and motivated Senior Data Engineer to join our team and help build scalable, reliable, and efficient data infrastructure. This role will be instrumental in supporting our Measurement Product and Engineering teams by designing and maintaining data pipelines, optimizing data storage, and enabling data-driven decision-making across the organization. Key Responsibilities Design, build, and maintain robust data pipelines using Airflow and Cloud Functions to mee..."
7c4d849c99027236,Data Center Mechanical Automation Manufacturing Engineer,Google,"Austin, TX",No,"$144,000 - $211,000 a year",Full-time,4.3,5982,Just posted,,,https://www.indeed.com/applystart?jk=7c4d849c99027236&from=mobvj&mvj=1&asub=mob&mobvjtk=1j4nan7tdg06d800&astse=ece5bdd7ab2ee567&assa=3604&params=mobvjtk=1j4nan7tdg06d800&jk=7c4d849c99027236,"Note: By applying to this position you will have an opportunity to share your preferred working location from the following: Sunnyvale, CA, USA; Austin, TX, USA; Kirkland, WA, USA . Minimum qualifications: Bachelor's degree in Mechanical or Industrial Engineering, a related discipline, or equivalent practical experience. 5 years of experience in mission critical facility design and construction environments. 5 years of experience in mechanical process engineering and manufacturing automation. 5 ..."
70a7311fd16aa111,Data Engineer - Azure,Savas Management Center LLC,"Scottsdale, AZ 85254",No,"$100,000 - $150,000 a year",,2.5,66,Just posted,,"python, sql, machine learning",https://www.indeed.com/viewjob?jk=70a7311fd16aa111,"Location: Scottsdale, AZ (Hybrid 3 days Onsite), $100K to $150K, must be authorized to work in USA, no visa sponsorship available Company Overview: Savas Software is a leading provider of transdisciplinary pain management patient care and is launching electronic health record (EHR) software focused on coordinating multidisciplinary care. We are committed to providing exceptional patient care and dedicated to improving healthcare delivery through innovative technology. Position Overview: We are s..."
fd473778fa0fcb2e,Senior Data Operations Engineer,Gold Coast Health Plan,"Camarillo, CA 93010",No,"$104,344 - $173,906 a year",Full-time,3.8,26,Just posted,,"sql, excel",https://www.indeed.com/viewjob?jk=fd473778fa0fcb2e,"The pay range above represents the minimum and maximum rate for this position in California. Factors that may be used to determine where newly hired employees will be placed in the pay range include the employee specific skills and qualifications, relevant years of experience and comparison to other employees already in this role. Most often, a newly hired employee will be placed below the midpoint of the range. Salary range will vary for remote positions outside of California and future increas..."
b32e7d55317e214e,Senior Data Engineer – Engineering Analytics,Delta Airlines,"Atlanta, GA",No,,,4.2,5259,Just posted,,"python, sql, excel, machine learning, aws",https://www.indeed.com/applystart?jk=b32e7d55317e214e&from=mobvj&mvj=1&asub=mob&mobvjtk=1j4nana68j729803&astse=d92e11edb40100b4&assa=5970&params=mobvjtk=1j4nana68j729803&jk=b32e7d55317e214e,"UNITED STATES, GEORGIA, ATLANTA TECHOPS 08-SEP-2025 REF #: 29741 LINKEDIN TAG: #LI-TB1 HOW YOU'LL HELP US KEEP CLIMBING (OVERVIEW & KEY RESPONSIBILITIES) Delta Air Lines connects the world by flying 180 million customers to 300+ destinations every year. The Engineering Analytics team builds and optimizes our data workflows and warehousing; and deploys data science and machine learning models to support this complex operation. The team is seeking a Senior Data Engineer to take on developing data ..."
c2bf118e5e2777fe,"Risk Data Engineering, Staff AI Engineer",SoFi,"Jacksonville, FL",No,"$153,600 - $264,000 a year",,3.2,113,Just posted,,"machine learning, aws",https://www.indeed.com/applystart?jk=c2bf118e5e2777fe&from=mobvj&mvj=1&asub=mob&mobvjtk=1j4nanaotlvuh804&astse=da180b06902c1493&assa=6551&params=mobvjtk=1j4nanaotlvuh804&jk=c2bf118e5e2777fe,"Description Position at SoFi Employee Applicant Privacy Notice Who we are: Shape a brighter financial future with us. Together with our members, we’re changing the way people think about and interact with personal finance. We’re a next-generation financial services company and national bank using innovative, mobile-first technology to help our millions of members reach their goals. The industry is going through an unprecedented transformation, and we’re at the forefront. We’re proud to come to w..."
49524663305ee88e,Engineer - Data Enablement,Toyota,"Plano, TX 75024",No,,Full-time,3.6,309,Just posted,,,https://www.indeed.com/applystart?jk=49524663305ee88e&from=mobvj&mvj=1&asub=mob&mobvjtk=1j4nanbd8jn3v806&astse=afa086bb2fc0a9b9&assa=7198&params=mobvjtk=1j4nanbd8jn3v806&jk=49524663305ee88e,"Overview Who we are Collaborative. Respectful. A place to dream and do. These are just a few words that describe what life is like at Toyota. As one of the world’s most admired brands, Toyota is growing and leading the future of mobility through innovative, high-quality solutions designed to enhance lives and delight those we serve. We’re looking for talented team members who want to Dream. Do. Grow. with us. To save time applying, Toyota does not offer sponsorship of job applicants for employme..."
417fdc389b594fa7,"Sr. Mechanical Engineer, Data Center Eng, MPS","Amazon Data Services, Inc.","Austin, TX",No,"$128,600 - $212,800 a year",Full-time,3.5,53845,Just posted,,aws,https://www.indeed.com/applystart?jk=417fdc389b594fa7&from=mobvj&mvj=1&asub=mob&mobvjtk=1j4nanbm6iudt800&astse=2bcfaa746960d014&assa=7505&params=mobvjtk=1j4nanbm6iudt800&jk=417fdc389b594fa7,"DESCRIPTION Are you interested in developing solutions that have big impact? Are you someone who likes to challenge the status quo and work on developing innovative product solutions? If you are a piping engineer and looking for an exciting career in cloud infrastructure, come join a team that constantly seeks ways to build things better & faster for our customers. AWS is looking for a Sr. Mechanical Engineer to become part of a global data center engineering team, responsible for the design and..."
9cba725bfc0008b5,"Sr. Electrical Design Engineer, Data Center Design Engineering","Amazon Web Services, Inc.","Austin, TX",No,,Full-time,3.4,515,Just posted,,aws,https://www.indeed.com/applystart?jk=9cba725bfc0008b5&from=mobvj&mvj=1&asub=mob&mobvjtk=1j4nanbrtiudt805&astse=b9966cfcb1a243be&assa=7711&params=mobvjtk=1j4nanbrtiudt805&jk=9cba725bfc0008b5,"DESCRIPTION Amazon Web Services Infrastructure Services is seeking an Electrical Engineer to become part of a global engineering team. We are looking for engineers with hands on electrical design experience. If you can design an electrical system, have an understanding of the critical equipment needs for a data center, and understand the constructability of varying designs you may be a good fit. As we grow we are structuring our team to own more of our engineering in house. Engineers will be res..."
200f23ac4d489870,"Sr. Specialist, Software Engineering",L3Harris Technologies,"Melbourne, FL",No,,,4.0,5881,Just posted,,"python, excel, machine learning, aws",https://www.indeed.com/applystart?jk=200f23ac4d489870&from=mobvj&mvj=1&asub=mob&mobvjtk=1j4nand2qiuec800&astse=8f31401375cd2177&assa=8952&params=mobvjtk=1j4nand2qiuec800&jk=200f23ac4d489870,"L3Harris is dedicated to recruiting and developing high-performing talent who are passionate about what they do. Our employees are unified in a shared dedication to our customers’ mission and quest for professional growth. L3Harris provides an inclusive, engaging environment designed to empower employees and promote work-life success. Fundamental to our culture is an unwavering focus on values, dedication to our communities, and commitment to excellence in everything we do. L3Harris Technologies..."
558c7d18d67d8cbb,Senior Data Engineer - Remote,Southern Trust Insurance Company,"Macon, GA 31210",No,,Full-time,3.2,9,Just posted,,"python, java, sql, excel, machine learning, aws",https://www.indeed.com/viewjob?jk=558c7d18d67d8cbb,"Summary The Senior Data Engineer role is critical to designing, building, testing, and maintaining our data warehouse and broader data platform. This position plays a key role in enabling data-driven decision-making by ensuring business teams have access to clean, performant, and well-modeled data. The Senior Data Engineer will transform raw data into actionable insights through scalable pipelines, robust data models, and intuitive reporting tools. Key Responsibilities Data Platform Development ..."
b09a893365d25095,Staff Data Lake Engineer,WEX Inc.,"Portland, ME",No,"$135,000 - $180,000 a year",Full-time,3.1,324,Just posted,,"python, java, excel, aws",https://www.indeed.com/applystart?jk=b09a893365d25095&from=mobvj&mvj=1&asub=mob&mobvjtk=1j4namvudglls805&astse=5f06e4ef26f4bbb5&assa=5538&params=mobvjtk=1j4namvudglls805&jk=b09a893365d25095,"This is a remote position; however, the candidate must reside within 30 miles of one of the following locations: Portland, ME; Boston, MA; Chicago, IL; Dallas, TX; San Francisco Bay Area, CA; and Seattle/WA. About the role/Team As a Staff Software Engineer on the Data Lake Engineering team, you will be a key technical leader in developing our enterprise data platform. Your mission is to build a unified, intelligent data infrastructure using a data lakehouse architecture that boosts developer pro..."
acfa0510a97a02f8,Python Developer with Machine Learning Experience,Eccalon LLC,"Hanover, MD 21076",No,,,4.0,2,Just posted,,"python, machine learning, aws",https://www.indeed.com/applystart?jk=acfa0510a97a02f8&from=mobvj&mvj=1&asub=mob&mobvjtk=1j4nalvlcg2m0808&astse=7348cc2cdb2cc591&assa=2388&params=mobvjtk=1j4nalvlcg2m0808&jk=acfa0510a97a02f8,"Job Description We are seeking a skilled Python Developer to join our team, working with machine learning to build innovative solutions. This role is ideal for someone with a passion for developing advanced systems and applying machine learning techniques to complex, data-driven challenges. As part of our team, you will work on cutting-edge projects that require the application of the latest research in machine learning and deep learning. Key Responsibilities Design and implement Python-based sy..."
ec78311337126a7b,Semantic Data Engineer,Cambia Health Solutions,"Portland, OR",No,"$115,000 - $135,000 a year",Full-time,3.5,253,Just posted,,"python, sql, excel, aws",https://www.indeed.com/applystart?jk=ec78311337126a7b&from=mobvj&mvj=1&asub=mob&mobvjtk=1j4namv3mj729800&astse=22e9f887b06849ec&assa=4608&params=mobvjtk=1j4namv3mj729800&jk=ec78311337126a7b,"SEMANTIC DATA ENGINEER (HEALTHCARE) Telecommute (Possible 2026 Return to office) - within Oregon, Washington, Idaho or Utah Build a career with purpose. Join our Cause to create a person-focused and economically sustainable health care system. Who We Are Looking For: Every day, Cambia’s Data & Analytics Engineering Team is living our mission to make health care easier and lives better. We’re seeking a skilled Data and Analytics Engineer with significant experience engineering semantic layers to ..."
5d110af86c6b7747,Senior Software Engineer,Cotiviti,Remote,Yes,"$105,000 - $145,000 a year",Full-time,3.3,638,Just posted,,"java, sql",https://www.indeed.com/applystart?jk=5d110af86c6b7747&from=mobvj&mvj=1&asub=mob&mobvjtk=1j4nam0p1gmhm800&astse=787fbb426db21806&assa=3528&params=mobvjtk=1j4nam0p1gmhm800&jk=5d110af86c6b7747,"Overview: Cotiviti is a leading solutions and analytics company that leverages unparalleled clinical and financial datasets to deliver deep insight into the performance of the healthcare system. These insights uncover new opportunities for healthcare organizations to collaborate to improve their financial performance, reduce inefficiency, and improve healthcare quality. The Senior Software Engineer I role is primarily responsible for the support of the existing software applications and enhanced..."
8159bc4639565cad,"Data Management, Professional 4",AutoNation,"Fort Lauderdale, FL 33301",No,,Full-time,3.3,4374,Just posted,,"python, sql, aws",https://www.indeed.com/applystart?jk=8159bc4639565cad&from=mobvj&mvj=1&asub=mob&mobvjtk=1j4nam30ti9ft800&astse=fd8fe060be257f94&assa=5850&params=mobvjtk=1j4nam30ti9ft800&jk=8159bc4639565cad,"AutoNation is one of the largest automotive retailers in the United States, offering innovative products, exceptional services, and comprehensive solutions, empowering our customers to make the best decisions for their needs. With a network of dealerships nationwide strengthened by a recognized brand, we offer a wide variety of new and used vehicles, customer financing, parts, and provide expert maintenance and repair services. Through DRV PNK, we have raised over $40 million for cancer-related ..."
a633903062e8f50e,"Data Engineer II, Amazon Key",Amazon.com Services LLC,"Seattle, WA",No,"$118,900 - $205,600 a year",Full-time,3.5,53845,Just posted,,"python, sql, excel, aws",https://www.indeed.com/applystart?jk=a633903062e8f50e&from=mobvj&mvj=1&asub=mob&mobvjtk=1j4nam3c12h28001&astse=2cde6e8a283d0069&assa=6213&params=mobvjtk=1j4nam3c12h28001&jk=a633903062e8f50e,"DESCRIPTION We are actively seeking a motivated and multi-talented individual who is passionate, highly autonomous and have deep expertise in the design, creation, and management of large and complex datasets. You should be an authority at crafting, implementing, and operating stable, scalable solutions to flow huge amounts of data from production systems into the Redshift cluster, and build complex transforms to compute and store new data developed by the software teams. Key job responsibilitie..."
77bd0ae5d27d182e,Software Engineer,"Community Financial System, Inc.","Woburn, MA 01801",No,"$92,000 - $160,592 a year",Full-time,3.5,198,Just posted,,"sql, excel",https://www.indeed.com/applystart?jk=77bd0ae5d27d182e&from=mobvj&mvj=1&asub=mob&mobvjtk=1j4nam4c1gc2n801&astse=8c921e62fba4c6d0&assa=7307&params=mobvjtk=1j4nam4c1gc2n801&jk=77bd0ae5d27d182e,"Overview: Northeast Retirement Services (NRS), a subsidiary of Community Financial System, Inc. offers administration and processing solutions for large Financial Services organizations in the area of employee benefit plans and charitable programs, including services for all types of defined contribution, defined benefit plans, endowment programs and charitable trusts. Our clients include Institutional Investors, brokers, advisors and financial services firms requiring flexible, customized platf..."
91cfe1b89831e8fe,Data Engineer II - AWS / Python,JPMorganChase,"Plano, TX 75024",No,,Full-time,3.9,20101,Just posted,,"python, java, sql, excel, aws",https://www.indeed.com/applystart?jk=91cfe1b89831e8fe&from=mobvj&mvj=1&asub=mob&mobvjtk=1j4nam6gaiv93800&astse=d2de593dae1b1097&assa=9433&params=mobvjtk=1j4nam6gaiv93800&jk=91cfe1b89831e8fe,"JOB DESCRIPTION You thrive on diversity and creativity, and we welcome individuals who share our vision of making a lasting impact. Your unique combination of design thinking and experience will help us achieve new heights. As a Data Engineer II at JPMorgan Chase within the Wealth Management division, you will be part of an agile team dedicated to enhancing, designing, and delivering data collection, storage, access, and analytics solutions in a secure, stable, and scalable manner. As an emergin..."
99d081def43d9525,Junior Data Engineer,Sonepar,"Jackson, MS 39201",No,,Full-time,3.2,272,Just posted,,"python, java, sql, excel",https://www.indeed.com/applystart?jk=99d081def43d9525&from=mobvj&mvj=1&asub=mob&mobvjtk=1j4nam89tglls802&astse=f0708065f2fbb37a&assa=1280&params=mobvjtk=1j4nam89tglls802&jk=99d081def43d9525,"Sonepar Management Group (SMG) supports our Sonepar brands (i.e. operating companies) in the US through a shared services model. These services include, but are not limited to: human resources, finance, digital enterprise, supply chain, vendor relations, marketing, legal, and communications. The SMG teams enable our brands to do business in their local regions while taking advantage of the scale and collective resources of a global enterprise. SMG fosters an inclusive and supportive culture. We ..."
aa7b02f61dd9148e,Power BI Data Engineer (Remote),Pratt & Whitney,Connecticut,No,"$82,000 - $164,000 a year",Full-time,3.8,1554,Just posted,,sql,https://www.indeed.com/applystart?jk=aa7b02f61dd9148e&from=mobvj&mvj=1&asub=mob&mobvjtk=1j4nam8nsiq77800&astse=3ba9993153db6e14&assa=1705&params=mobvjtk=1j4nam8nsiq77800&jk=aa7b02f61dd9148e,"Date Posted: 2025-09-08 Country: United States of America Location: PW208: Connecticut Remote Remote Location , Remote City, CT, 06035 USA Position Role Type: Remote U.S. Citizen, U.S. Person, or Immigration Status Requirements: Must be authorized to work in the U.S. without the company’s immigration sponsorship now or in the future. The company will not offer immigration sponsorship for this position. The company will not seek an export authorization for this role. Security Clearance: None/Not ..."
511e1a3b48d154e0,"Data Engineer II, Managed Operations Engineering & Data Science (MOEDS)","Amazon Development Center U.S., Inc.","Arlington, VA",No,,Full-time,3.4,515,Just posted,,"python, java, machine learning, aws",https://www.indeed.com/applystart?jk=511e1a3b48d154e0&from=mobvj&mvj=1&asub=mob&mobvjtk=1j4nam92mgedp83d&astse=96aebbc21fc3a679&assa=2117&params=mobvjtk=1j4nam92mgedp83d&jk=511e1a3b48d154e0,"DESCRIPTION Amazon Web Services (AWS) is the world leader in providing a highly reliable, scalable, low-cost infrastructure platform in the cloud that powers hundreds of thousands of businesses in 190 countries around the world! Passionate about building, owning and operating massively scalable systems? Experienced in building and leading teams of highly competent software engineers? Want to make a billion-dollar impact? If so, we have an exciting opportunity for you. The AWS Managed Operations ..."
3e7cb43e811aecb1,Software Engineer,"Odyssey Systems Consulting Group, Ltd.","San Antonio, TX",No,,Full-time,3.9,51,Just posted,,excel,https://www.indeed.com/applystart?jk=3e7cb43e811aecb1&from=mobvj&mvj=1&asub=mob&mobvjtk=1j4nam9fviudk801&astse=1f175332f451efe0&assa=2495&params=mobvjtk=1j4nam9fviudk801&jk=3e7cb43e811aecb1,"Position Summary: Odyssey Systems has an exciting opportunity for a Software Engineer supporting the Air Force Life Cycle Management Center’s Cryptologic and Cyber Systems Division (AFLCMC/HNC) at Lackland AFB, TX. AFLCMC/HNC provides life cycle management for information assurance and critical systems, ensuring warfighter access to secure information systems while denying adversaries access to the same. This role will focus on software development, automation, and analytics in support of missio..."
e11fb203aa19f4dc,"Support Engineer, Data Center Central Operations","Amazon Data Services, Inc.","Seattle, WA",No,"$67,200 - $150,300 a year",Full-time,3.5,53845,Just posted,,"machine learning, aws",https://www.indeed.com/applystart?jk=e11fb203aa19f4dc&from=mobvj&mvj=1&asub=mob&mobvjtk=1j4nambiig2ss80l&astse=2e324d1ec2581b36&assa=4655&params=mobvjtk=1j4nambiig2ss80l&jk=e11fb203aa19f4dc,"DESCRIPTION AWS Infrastructure Services owns the design, planning, delivery, and operation of all AWS global infrastructure. In other words, we’re the people who keep the cloud running. We support all AWS data centers and all of the servers, storage, networking, power, and cooling equipment that ensure our customers have continual access to the innovation they rely on. We work on the most challenging problems, with thousands of variables impacting capacity delivery — and we’re looking for talent..."
705391491e2a4f8a,Professional Services Engineer,"Keysight Technologies, Inc.","Trenton, NJ 08608",No,,Full-time,3.9,394,Just posted,,"python, aws",https://www.indeed.com/applystart?jk=705391491e2a4f8a&from=mobvj&mvj=1&asub=mob&mobvjtk=1j4nambtcgstu801&astse=6483ba09e69f537e&assa=4936&params=mobvjtk=1j4nambtcgstu801&jk=705391491e2a4f8a,"Overview: Keysight is on the forefront of technology innovation, delivering breakthroughs and trusted insights in electronic design, simulation, prototyping, test, manufacturing, and optimization. Our ~15,000 employees create world-class solutions in communications, 5G, automotive, energy, quantum, aerospace, defense, and semiconductor markets for customers in over 100 countries. Learn more about what we do. Our award-winning culture embraces a bold vision of where technology can take us and a p..."
359d95879ea70143,"Engineer, Tools & Applications",Comcast Corporation,"Philadelphia, PA 19103",No,,Full-time,3.6,19461,Just posted,,"python, java, sql",https://www.indeed.com/applystart?jk=359d95879ea70143&from=mobvj&mvj=1&asub=mob&mobvjtk=1j4namcamg05v800&astse=80ee3d757fa5bca4&assa=5380&params=mobvjtk=1j4namcamg05v800&jk=359d95879ea70143,"Make your mark at Comcast - a Fortune 30 global media and technology company. From the connectivity and platforms we provide, to the content and experiences we create, we reach hundreds of millions of customers, viewers, and guests worldwide. Become part of our award-winning technology team that turns big ideas into cutting-edge products, platforms, and solutions that our customers love. We create space to innovate, and we recognize, reward, and invest in your ideas, while ensuring you can proud..."
4ac33427843a8849,Software Engineer III - C#/.NET/React,JPMorganChase,"Houston, TX 77002",No,,Full-time,3.9,20101,Just posted,,"sql, machine learning, aws",https://www.indeed.com/applystart?jk=4ac33427843a8849&from=mobvj&mvj=1&asub=mob&mobvjtk=1j4namcmu22ql01j&astse=682254ca7e831a92&assa=5766&params=mobvjtk=1j4namcmu22ql01j&jk=4ac33427843a8849,"JOB DESCRIPTION We have an exciting and rewarding opportunity for you to take your software engineering career to the next level. As a Software Engineer III at JPMorgan Chase within the Commercial & Investment Bank organization, you will be a seasoned member of an agile team, tasked with designing and delivering trusted, market-leading technology products that are secure, stable, and scalable. You will be responsible for implementing critical technology solutions across multiple technical areas,..."
95afe62bf6685b6c,Machine Learning Engineer,SALUD REVENUE PARTNERS LLC,"West Lafayette, IN 47906",No,,Full-time,4.4,18,Just posted,,"python, machine learning",https://www.indeed.com/applystart?jk=95afe62bf6685b6c&from=mobvj&mvj=1&asub=mob&mobvjtk=1j4namdji20bm000&astse=3da0b2dc911133df&assa=6675&params=mobvjtk=1j4namdji20bm000&jk=95afe62bf6685b6c,"Salud Revenue Partners (Salud) is a technology-enabled service company with leadership and a high-performance culture that partners with healthcare providers nationwide to improve their revenue cycle performance. Our vision is to be a national model for the delivery of revenue cycle services. We are at the forefront of innovation, applying next generation process automation and artificial intelligence to focus on the most productive work to help healthcare organizations resolve difficult account..."
1980465b76589f6c,Thermal Attainment Engineer- Data Center GPUs,"Advanced Micro Devices, Inc","Austin, TX 78735",No,,,3.8,646,Just posted,,"python, excel, aws",https://www.indeed.com/applystart?jk=1980465b76589f6c&from=mobvj&mvj=1&asub=mob&mobvjtk=1j4namlscjcm080h&astse=a4b0e15f064d89cf&assa=5176&params=mobvjtk=1j4namlscjcm080h&jk=1980465b76589f6c,"Overview: WHAT YOU DO AT AMD CHANGES EVERYTHING We care deeply about transforming lives with AMD technology to enrich our industry, our communities, and the world. Our mission is to build great products that accelerate next-generation computing experiences – the building blocks for the data center, artificial intelligence, PCs, gaming and embedded. Underpinning our mission is the AMD culture. We push the limits of innovation to solve the world’s most important challenges. We strive for execution..."
b30207ff18c68f05,"AVP, Data Engineering & Emerging Technology","Cambridge Investment Research, Inc.","Phoenix, AZ 85004",No,,Full-time,3.3,89,Just posted,,"python, sql, excel, machine learning",https://www.indeed.com/applystart?jk=b30207ff18c68f05&from=mobvj&mvj=1&asub=mob&mobvjtk=1j4namlmtg6gv802&astse=be3a98aab1747f15&assa=4976&params=mobvjtk=1j4namlmtg6gv802&jk=b30207ff18c68f05,"Overview: About Us: Cambridge Investment Research Inc. is one of the nation’s top independent financial solutions firms. We are committed to fostering an inclusive and dynamic work environment where innovation, collaboration, and growth are encouraged. Our team is dedicated to driving success and creating a workplace where every employee feels valued and empowered. At Cambridge, we’re not just leveraging data, we’re transforming it into insights that propel our company forward. You’ll have the a..."
b65b1baee72a2a07,Data Engineer,Mourant,New Jersey,No,,Full-time,4.2,5,Just posted,,"python, java, sql, aws",https://www.indeed.com/applystart?jk=b65b1baee72a2a07&from=mobvj&mvj=1&asub=mob&mobvjtk=1j4namn8821mu000&astse=4fa44f441ff563ac&assa=6541&params=mobvjtk=1j4namn8821mu000&jk=b65b1baee72a2a07,"Are you passionate about working with data and ready to take on an exciting challenge? We're seeking a Data Engineer to join our ambitious and friendly in-house Data Team within Information Services at Mourant. You'll have a varied and interesting workload working with a range of Information Services professionals. You'll contribute to designing, creating, and deploying enterprise-scale data analytics solutions, playing an important role in transforming our data into valuable insights that drive..."
2a85da046eaddaf7,"Sr. Software Dev Engineer, Data Center Design Engineering","Amazon Data Services, Inc.","Herndon, VA",No,"$151,300 - $261,500 a year",Full-time,3.5,53845,Just posted,,"excel, machine learning, aws",https://www.indeed.com/applystart?jk=2a85da046eaddaf7&from=mobvj&mvj=1&asub=mob&mobvjtk=1j4namqprlvuh805&astse=3638e4a06d212299&assa=204&params=mobvjtk=1j4namqprlvuh805&jk=2a85da046eaddaf7,"DESCRIPTION Are you passionate about building software for the Architecture, Engineering, Construction (AEC) industry supercharged by the latest Generative AI technology? If so, come build with us! The AWS Data Center Design Engineering - BIM Technology team is on a mission to innovate through new Building Information Modeling (BIM) and GenAI services that will enable our team and customers to design, build, and operate our worldwide data centers facilities better and faster. Our initiatives are..."
c3dde6fce367b0f5,Data Engineer Vice President,Citi,"Irving, TX",No,"$125,760 - $188,640 a year",Full-time,3.9,20345,Just posted,,"python, java, sql, excel",https://www.indeed.com/applystart?jk=c3dde6fce367b0f5&from=mobvj&mvj=1&asub=mob&mobvjtk=1j4namsh2l01t8al&astse=2d54371f9056f40e&assa=1981&params=mobvjtk=1j4namsh2l01t8al&jk=c3dde6fce367b0f5,"About Citi Citi is a leading global bank, serving millions of consumers, corporations, governments, and institutions in more than 160 countries and jurisdictions. With a mission to provide responsible financial services that enable growth and economic progress, Citi fosters a culture of innovation, collaboration, and inclusion. We leverage cutting-edge technology and data-driven strategies to deliver best-in-class financial solutions. About The Infrastructure Planning Organization The Infrastruc..."
49fd1997652fac1b,"Analytics Engineer, People Data",OpenAI,"San Francisco, CA",No,"$220,000 a year",Full-time,4.5,4,Just posted,,"python, sql",https://www.indeed.com/applystart?jk=49fd1997652fac1b&from=mobvj&mvj=1&asub=mob&mobvjtk=1j4namt2egqqc802&astse=fa1e083157040a9d&assa=2636&params=mobvjtk=1j4namt2egqqc802&jk=49fd1997652fac1b,"About the Team OpenAI’s People team aims to hire, engage, and retain world-class talent who will safely build and deploy universally beneficial Artificial General Intelligence (AGI). The People Systems team is an important subset of People Operations and is responsible for designing, building, and optimizing our HR technology to support a rapidly growing employee population. About the Role You’ll be the hands-on owner of our People analytics database—modeling, transforming, testing, and document..."
1e17f658c80bf61e,Sr Data Engineer,SAIC,"McLean, VA 22102",No,"$120,001 - $160,000 a year",Full-time,4.0,3167,Just posted,,"java, excel, machine learning, aws",https://www.indeed.com/applystart?jk=1e17f658c80bf61e&from=mobvj&mvj=1&asub=mob&mobvjtk=1j4namt4di9ft832&astse=f145946fb740c02b&assa=2594&params=mobvjtk=1j4namt4di9ft832&jk=1e17f658c80bf61e,"Job ID: 2509508 Location: REMOTE WORK, VA, US Date Posted: 2025-09-08 Category: Information Technology Subcategory: Data Scientist Schedule: Full-time Shift: Day Job Travel: No Minimum Clearance Required: None Clearance Level Must Be Able to Obtain: Public Trust Potential for Remote Work: Yes Description SAIC is seeking an experienced Senior Data Engineer to join our Innovation Lab Agile team delivering software solutions to the United States Patent and Trademark Office. In this role you will de..."
5d1d32b2006587d6,Data Warehouse Support Engineer / IT Application Developer (PED #21499),State of New Mexico,"Santa Fe, NM 87505",No,$35.37 - $53.05 an hour,Full-time,3.5,396,Just posted,,excel,https://www.indeed.com/applystart?jk=5d1d32b2006587d6&from=mobvj&mvj=1&asub=mob&mobvjtk=1j4nand9kg06d80b&astse=2d72ac1de3bf9fac&assa=9111&params=mobvjtk=1j4nand9kg06d80b&jk=5d1d32b2006587d6,"Posting Details THIS POSTING WILL BE USED FOR ONGOING RECRUITMENT AND MAY CLOSE AT ANY TIME. APPLICANT LISTS MAY BE SCREENED MORE THAN ONCE. All positions at the NM Public Education Department are based in Santa Fe. MISSION: EQUITY, EXCELLENCE AND RELEVANCE - The New Mexico Public Education Department partners with educators, communities, and families to ensure that ALL students are healthy, secure in their identity, and holistically prepared for college, career, and life. VISION: ROOTED IN OUR ..."
